patient_id,scan_id,Age,Sex,Critical_illness,Liver_function,Lung_function,Progression (Days)
1399,127,57,1,1,5,2,0.08
1297,82,55,1,1,3,2,0.88
1184,26,5,2,1,0,2,0.02
1186,27,2,2,1,2,2,0.02
1181,25,0,1,1,2,2,0.03
1610,233,0,1,1,3,2,0.02
2245,544,69,1,1,1,3,0.09
1316,90,8,2,1,1,2,0.02
1268,68,47,2,1,4,4,6.08
1328,96,74,1,1,1,4,4.81
1948,399,44,1,0,0,1,10.25
1950,400,17,2,0,1,2,10.25
1897,373,80,2,1,1,3,0.03
2292,567,64,1,1,1,4,0.08
1785,319,45,1,1,0,2,0.32
1320,92,9,1,1,1,3,0.17
1318,91,7,1,1,1,2,0.04
1908,378,66,1,1,2,4,3.64
1312,89,34,1,1,4,1,0.73
1387,123,83,1,1,3,4,0.07
1446,151,86,2,1,1,3,0.01
2156,500,44,1,0,0,1,7.32
2113,479,32,2,0,0,1,8.22
2091,468,38,1,0,1,2,8.38
1684,269,75,1,1,2,4,0.07
2060,453,39,2,0,0,2,9.5
2048,447,40,2,0,0,2,9.58
1281,74,63,1,1,1,5,0.84
2210,527,70,2,1,2,4,0.07
2150,497,57,2,1,0,1,1.16
1700,277,85,1,1,2,3,0.05
2313,578,87,2,1,1,3,0.03
1895,372,8,2,1,0,2,0.04
2146,495,61,1,0,0,3,7.41
2311,577,77,1,0,0,3,8.3
2144,494,31,1,1,0,1,0.03
1369,114,57,2,1,1,1,0.06
1572,214,26,1,1,1,1,0.81
1536,196,35,2,1,0,2,0.92
1692,273,48,2,1,1,1,1.03
2302,572,49,1,1,0,1,0.03
1504,180,62,2,1,0,4,1.01
1578,217,40,2,1,5,2,0.9
1458,157,49,2,1,2,1,1.13
1982,415,31,1,1,0,2,0.06
1967,409,26,2,0,0,2,10.14
1922,385,0,2,1,2,2,0.03
2310,576,77,2,1,0,4,0.02
1412,134,71,2,1,1,3,0.07
1566,211,48,2,0,1,2,13.03
1923,386,0,2,1,3,2,0.03
2059,452,0,2,1,1,3,0.04
2204,524,73,1,1,5,3,0.06
2031,439,51,1,0,0,2,9.99
1920,384,45,2,1,2,2,8.48
1179,24,62,2,0,1,3,6.24
1634,244,43,1,0,1,2,12.39
1482,169,61,1,1,1,4,1.05
1580,218,44,1,1,3,2,0.87
1476,166,57,2,1,0,2,1.09
1474,165,57,1,1,0,2,7.04
1332,98,9,2,1,1,3,0.11
2190,517,73,2,1,2,3,0.99
1341,102,29,2,1,1,2,0.92
1629,242,75,1,1,2,3,5.07
1590,223,42,1,1,1,1,0.09
1804,328,71,2,1,1,4,0.05
1175,22,82,2,1,1,3,0.05
1287,77,44,1,1,2,2,0.07
1524,190,40,1,1,0,3,0.01
1508,182,54,1,1,0,2,0.02
2296,569,56,1,0,0,1,10.98
2280,561,63,2,1,2,3,6.59
1800,326,69,2,1,0,4,0.08
2074,460,9,1,1,2,2,0.02
2123,484,51,1,1,1,2,0.03
2101,473,46,1,1,5,1,0.03
2214,529,25,2,1,0,2,0.04
1410,133,9,2,1,1,3,0.09
1615,235,47,2,0,0,2,12.51
1877,363,50,2,0,0,1,11.22
1704,279,53,2,0,1,2,12.1
1584,220,56,1,1,0,2,0.04
2192,518,44,1,1,2,2,0.02
1942,396,53,1,0,1,1,10.39
1625,240,51,1,0,1,2,10.45
2087,466,51,1,0,2,3,9
2180,512,46,2,0,1,1,6.12
2202,523,63,1,1,0,4,2.82
2194,519,68,2,0,1,4,5.19
2188,516,65,2,0,0,4,6.12
1436,146,32,1,0,0,1,14
2253,548,37,1,0,1,2,14
1604,230,59,1,1,0,1,0.05
1295,81,26,1,0,4,3,14
1426,141,38,2,1,1,2,0.08
1227,47,24,2,1,2,2,0.94
1798,325,64,2,1,0,4,2.73
1744,299,56,1,1,1,2,5.54
1924,387,65,2,1,0,4,0.92
1932,391,62,2,0,0,3,10.4
1309,88,61,1,1,3,3,0.87
1194,31,41,1,1,0,1,0.99
1654,254,66,2,0,1,4,12.36
1243,55,38,2,1,1,1,0.86
1276,72,41,2,1,5,1,0.08
1690,272,79,1,1,2,4,0.03
1349,106,54,1,1,0,1,0.95
2011,429,58,2,1,0,1,4.54
1987,417,51,2,1,1,2,0.14
2206,525,79,1,0,0,3,5.16
2300,571,51,1,0,1,2,5.18
2243,543,68,2,1,0,4,0.02
2072,459,73,1,1,1,3,0.05
1674,264,40,1,0,0,2,12.32
1906,377,73,1,0,0,4,11.11
1715,285,37,2,0,0,2,12.08
1520,188,68,2,1,0,4,4.68
1901,375,69,2,0,0,4,11.12
1881,365,63,2,0,0,4,11.22
2015,431,28,1,0,0,3,10.09
1783,318,32,1,0,0,3,11.94
1855,352,59,1,1,1,2,0.02
1859,354,29,1,0,0,2,11.35
1710,282,68,2,1,0,3,7.19
1788,320,57,2,1,0,1,4.6
1351,107,49,1,1,1,2,6.83
1867,358,54,1,0,2,2,11.27
1377,118,34,1,1,1,2,6.77
1965,408,54,2,1,0,2,6.12
1808,330,76,1,1,0,5,0.05
1928,389,40,2,0,1,2,10.41
1748,301,29,2,0,0,2,12.02
1608,232,46,2,0,1,2,12.63
1739,297,61,1,1,0,3,8.46
2142,493,33,2,1,0,2,0.59
2241,542,62,1,1,1,4,0.83
2046,446,51,1,1,0,3,7.22
2212,528,29,2,1,1,1,0.24
2170,507,55,2,1,4,1,1.57
2148,496,30,1,0,0,2,7.41
1552,204,48,1,1,4,2,0.03
1779,316,50,2,0,0,1,11.96
2119,482,42,2,1,0,2,1.93
2220,531,49,1,0,2,2,4.21
1210,39,70,2,1,0,5,5.81
1251,59,52,2,0,0,3,14
1405,130,53,2,1,0,3,0.07
1259,63,29,1,1,0,3,5.64
1530,193,48,2,1,2,2,0.02
2222,532,74,1,0,0,3,4.19
2134,489,48,1,1,1,3,0.05
1863,356,56,2,0,4,2,11.3
2005,426,77,1,0,0,4,10.11
1168,18,76,1,0,1,4,10.26
1995,421,55,1,0,3,2,10.11
1891,370,55,2,1,3,2,5.54
2282,562,34,2,0,2,2,7.51
1752,303,57,1,0,0,2,11.98
1558,207,63,1,1,3,4,7.43
1973,412,53,1,1,0,3,9.53
1771,312,24,1,0,4,2,11.97
1794,323,72,2,1,2,5,8.34
2064,455,39,2,0,0,2,9.42
1170,19,57,2,1,0,2,0.04
2174,509,71,2,0,0,3,6.47
2200,522,32,2,0,1,1,5.17
2154,499,34,1,0,0,1,7.35
2198,521,57,1,0,0,1,5.18
2196,520,54,2,0,0,1,5.18
1980,414,69,2,1,2,3,0.87
2288,565,83,1,1,2,4,0.01
1468,162,33,1,1,0,3,0.02
2275,559,75,2,1,2,4,5.01
1375,117,67,2,1,2,4,3.95
2164,504,56,2,1,0,2,1.86
2111,478,35,2,0,0,2,14
1223,45,75,2,0,0,3,10.11
1938,394,84,1,1,0,3,0.88
2237,540,58,2,1,1,2,7.07
1725,290,59,2,0,1,1,12.06
1837,343,52,2,1,1,2,0.04
2082,464,65,2,0,0,4,9.02
2029,438,31,1,0,0,2,10.03
2109,477,16,1,1,0,3,0.03
2040,443,72,2,1,1,3,3.37
1991,419,70,2,0,4,3,10.11
2036,441,50,2,0,0,2,9.59
1961,406,36,1,0,0,2,10.16
2052,449,25,1,0,0,2,9.58
2218,530,61,2,1,0,4,0.04
1235,51,38,1,1,5,2,6
1767,310,35,1,0,0,2,11.97
1177,23,63,1,0,0,4,11.79
2231,537,80,1,1,0,3,0.02
1621,238,78,1,1,4,4,4.06
2224,533,29,1,0,0,1,3.27
1385,122,84,1,0,0,3,2.07
1488,172,40,2,1,0,2,0.03
1596,226,59,2,1,0,1,0.05
1265,66,23,1,0,0,2,14
2321,582,63,1,1,3,3,0.98
1516,186,68,2,1,2,3,0.03
2127,486,48,1,1,2,2,0.02
1682,268,68,1,1,0,3,0.04
2138,491,49,1,1,0,1,0.02
2095,470,65,1,1,5,4,0.04
3988,1456,77,2,1,0,5,0.02
1871,360,46,1,1,0,2,1.47
2308,575,52,1,1,1,2,0.1
1420,138,62,2,1,2,4,0.04
2235,539,65,1,1,0,5,9.63
1642,248,83,1,1,1,4,0.05
1305,86,77,2,1,1,3,0.6
2346,833,52,1,1,0,0,7
2327,818,56,2,0,1,1,7
2330,820,40,1,0,3,2,9
2331,821,24,2,0,0,1,8
2332,822,57,1,1,0,0,8
2334,823,46,2,0,0,1,11
2335,824,35,1,0,2,2,9
2338,825,46,2,0,0,1,10
2339,826,24,1,0,0,1,8
2341,828,41,1,0,1,2,7
2343,830,27,1,0,3,1,12
2346,833,27,1,0,1,1,8
2346,833,33,1,0,0,1,8
2350,835,40,2,0,0,1,10
2351,836,35,1,0,0,2,10
2352,837,51,1,0,0,1,10
2353,838,58,2,0,1,1,10
2354,839,43,1,0,1,1,8
2355,840,18,1,0,1,1,10
2356,841,49,2,0,1,1,10
2359,844,68,2,0,1,2,10
2364,846,41,2,0,1,0,9
2365,847,61,2,0,0,3,8
2368,849,22,1,0,0,1,8
2369,850,29,1,0,0,1,9
2370,851,34,1,0,1,2,11
2371,852,39,1,0,0,0,10
2373,853,42,2,0,0,1,10
2380,859,62,2,0,2,3,10
2374,854,28,2,0,1,0,9
2377,856,56,1,0,1,0,11
2378,857,41,2,0,1,0,10
2379,858,41,1,0,0,0,10
2380,859,39,1,0,0,1,10
2384,861,47,2,0,1,0,11
2387,863,50,2,0,0,0,10
2389,864,39,2,0,0,1,10
2393,866,30,1,1,1,1,10
2394,867,60,2,0,1,1,9
2397,869,31,1,0,0,1,11
2399,870,31,2,0,1,1,14
2402,871,43,1,0,0,0,9
2403,872,26,1,0,1,1,14
2407,874,23,1,0,3,1,12
2408,875,38,2,0,0,1,9
2410,876,54,1,0,0,2,9
2411,877,31,1,0,0,1,8
2413,878,18,2,0,0,1,7
2414,879,52,2,0,1,1,9
2415,880,54,1,0,0,1,7
2420,883,36,2,0,1,1,9
2421,884,56,2,0,0,0,8
2423,885,46,1,0,0,1,11
2424,886,51,1,0,0,0,14
2426,888,51,1,0,1,2,9
2428,889,48,2,0,1,1,8
2429,890,52,1,0,1,1,6
2431,892,29,1,0,0,2,8
2432,893,62,2,0,5,4,14
2435,895,36,1,0,1,1,8
2437,896,53,2,0,1,1,7
2438,897,22,1,0,3,2,7
2439,898,41,1,0,3,0,8
2446,904,32,1,0,1,2,12
2443,901,56,2,0,1,1,14
2444,902,26,2,0,1,1,8
2446,904,59,2,0,1,1,9
2448,906,49,2,0,2,1,14
2449,907,59,1,0,1,0,8
2450,908,34,2,0,0,2,9
2451,909,63,1,1,1,2,9
2452,910,48,1,1,0,3,9
2453,911,28,1,1,0,2,10
2454,912,44,2,0,1,1,14
2455,913,45,1,0,1,2,12
2457,915,45,2,0,0,1,8
2458,916,57,1,0,1,2,7
2459,917,62,1,0,2,3,11
2463,921,40,2,0,1,1,14
2464,922,62,1,0,1,3,9
2465,923,55,1,0,2,2,11
2466,924,60,2,0,0,1,12
2467,925,33,1,0,0,1,10
2468,926,32,1,0,2,1,10
2472,930,58,2,0,2,1,10
2473,931,47,1,0,2,1,13
2475,933,50,2,0,0,0,14
2476,934,39,2,0,0,2,12
2480,938,46,1,0,1,0,10
2479,937,67,2,0,0,3,10
2480,938,38,1,0,1,1,14
2482,939,23,1,0,0,0,8
2483,940,45,1,0,1,1,9
2484,941,27,2,0,0,1,8
2486,943,63,1,0,1,3,14
2488,945,29,1,1,1,0,11
2489,946,30,2,0,1,2,9
2490,947,60,2,0,0,1,13
2492,949,40,2,0,1,1,6
2495,952,28,1,0,1,0,8
2494,951,30,1,0,0,1,8
2495,952,50,1,0,0,2,14
2497,954,48,2,0,1,1,10
2501,958,33,2,0,5,2,9
2502,959,28,1,0,1,1,9
2577,1013,50,1,0,1,2,10
2505,962,12,1,0,0,2,9
2510,967,33,1,0,1,1,8
2511,968,71,2,0,1,3,14
2512,969,44,1,0,1,1,14
2513,970,36,1,0,1,2,12
2514,971,42,1,0,1,2,12
2515,972,37,1,0,1,1,14
2516,973,49,2,0,3,1,9
2519,976,50,1,0,1,0,9
2522,978,63,1,0,1,2,9
2523,979,44,2,0,1,2,6
2525,981,47,2,0,1,0,9
2527,982,35,2,0,0,1,10
2529,984,28,1,0,2,1,11
2531,985,30,1,0,1,1,10
2535,986,44,2,0,1,0,12
2537,987,35,1,0,1,1,8
2541,989,40,2,0,1,1,14
2543,990,57,1,1,1,0,7
2544,991,46,2,0,1,1,8
2546,993,47,2,0,2,2,10
2547,994,46,1,0,5,2,14
2549,995,72,2,0,1,2,9
2550,996,34,1,1,2,1,9
2555,998,62,1,0,1,3,7
2556,999,33,2,0,0,2,7
2560,1001,43,1,1,2,2,9
2561,1002,39,1,0,0,1,8
2564,1004,51,2,0,0,0,9
2565,1005,56,2,1,2,1,12
2568,1007,19,1,0,1,1,10
2569,1008,58,1,0,1,1,9
2570,1009,50,2,0,0,0,9
2572,1010,71,1,1,0,2,10
2574,1011,65,1,1,1,3,10
2579,1015,23,2,0,0,0,7
2583,1017,64,1,0,1,3,9
2585,1019,57,2,0,5,1,9
2586,1020,35,1,0,1,1,6
2588,1021,45,2,0,1,1,14
2591,1022,9,1,0,1,3,9
2593,1023,52,1,0,2,1,9
2595,1025,31,1,0,1,1,9
2596,1026,39,2,0,0,1,9
2597,1027,28,1,0,1,1,12
2599,1029,58,1,0,2,0,8
2600,1030,50,1,0,1,1,6
2602,1031,40,1,1,0,1,11
2603,1032,47,1,0,0,1,6
2604,1033,73,1,0,1,4,11
2605,1034,27,1,0,2,0,7
2609,1038,33,2,0,1,0,9
2607,1036,24,1,0,1,1,8
2609,1038,19,1,0,1,1,8
2614,1042,42,1,0,1,2,10
2611,1040,61,2,0,2,3,6
2612,1041,63,1,0,1,3,6
2616,1044,55,2,1,0,1,8
2619,1047,81,1,0,0,4,14
2618,1046,36,1,0,0,1,8
2619,1047,41,1,0,1,1,9
2622,1049,45,2,0,0,0,8
2626,1051,52,1,0,1,1,8
2627,1052,47,1,0,0,1,8
2629,1053,28,1,0,1,1,10
2631,1055,52,2,0,0,1,14
2632,1056,51,2,0,1,1,9
2633,1057,45,1,0,1,1,10
2634,1058,68,2,1,0,2,10
2636,1059,48,2,0,0,1,8
2637,1060,69,2,0,0,3,11
2638,1061,51,2,0,1,1,12
2639,1062,43,1,0,0,2,12
2640,1063,29,1,0,1,1,10
